{"name":"ProductSans","faces":[{"style":"normal","assetId":"rbxasset://custom/rendervape/ui/risesix/fonts/product_sans_light.ttf","name":"Light","weight":300},{"style":"normal","assetId":"rbxasset://custom/rendervape/ui/risesix/fonts/product_sans_regular.ttf","name":"Regular","weight":400},{"style":"normal","assetId":"rbxasset://custom/rendervape/ui/risesix/fonts/product_sans_medium.ttf","name":"Medium","weight":500},{"style":"normal","assetId":"rbxasset://custom/rendervape/ui/risesix/fonts/Icon-1.ttf","name":"Icon1","weight":600},{"style":"normal","assetId":"rbxasset://custom/rendervape/ui/risesix/fonts/Icon-2.ttf","name":"Icon2","weight":700},{"style":"normal","assetId":"rbxasset://custom/rendervape/ui/risesix/fonts/Icon-3.ttf","name":"Icon3","weight":800}]}